{
    "1.jpg": [
            214.676,
            216.82266,
            207.15291
        ],
    "2.jpg": [
            196.88916,
            184.8858,
            151.46437
        ],
    "3.jpg": [
            170.66464,
            163.68204,
            136.85286
        ],
    "4.jpg": [
            194.7523,
            153.79341,
            105.857185
        ],
    "5.jpg": [
            151.75023,
            133.33353,
            95.220345
        ],
    "6.jpg": [
            105.189865,
            83.881424,
            47.000603
        ],
    "7.jpg": [
            187.43648,
            193.43552,
            190.87964
        ],
    "8.jpg": [
            130.39331,
            137.81822,
            112.82
        ],
    "9.jpg": [
            101.79758,
            109.05342,
            89.14941
        ],
    "10.jpg": [
            157.32507,
            148.2487,
            52.159554
        ],
    "11.jpg": [
            74.69407,
            87.15762,
            73.52209
        ],
    "12.jpg": [
            56.23683,
            58.28437,
            44.74936
        ],
    "13.jpg": [
            155.39021,
            173.37802,
            181.79297
        ],
    "14.jpg": [
            138.35826,
            144.19466,
            152.7205
        ],
    "15.jpg": [
            117.23284,
            149.12122,
            188.7458
        ],
    "16.jpg": [
            105.51669,
            126.12129,
            146.28766
        ],
    "17.jpg": [
            75.17598,
            111.49525,
            124.74591
        ],
    "18.jpg": [
            35.232895,
            86.26033,
            102.35389
        ]
}